"ccaa_cd"|"ccaa_st"|"proceso"|"mes_año"|"n_pac_leq_estructural"|"te_1000hab"|"tiempo_medio"|"perc_pacs_over_180d"
"01"|"ANDALUCÍA"|"amigdalectomia_adenoidectomia"|2023-12-31 00:00:00.000|3387.0|0.41|133.0|27.5
"02"|"ARAGON"|"amigdalectomia_adenoidectomia"|2023-12-31 00:00:00.000|226.0|0.17|144.0|29.2
"03"|"PDO DE ASTURIAS"|"amigdalectomia_adenoidectomia"|2023-12-31 00:00:00.000|262.0|0.26|95.0|7.6
"04"|"BALEARES"|"amigdalectomia_adenoidectomia"|2023-12-31 00:00:00.000|394.0|0.33|122.0|18.3
"05"|"CANARIAS"|"amigdalectomia_adenoidectomia"|2023-12-31 00:00:00.000|804.0|0.38|94.0|14.1
"06"|"CANTABRIA"|"amigdalectomia_adenoidectomia"|2023-12-31 00:00:00.000|441.0|0.77|150.0|39.9
"07"|"CASTILLA Y LEON"|"amigdalectomia_adenoidectomia"|2023-12-31 00:00:00.000|540.0|0.23|105.0|20.4
"08"|"CASTILLA-LA MANCHA"|"amigdalectomia_adenoidectomia"|2023-12-31 00:00:00.000|1071.0|0.54|109.0|15.5
"09"|"CATALUÑA"|"amigdalectomia_adenoidectomia"|2023-12-31 00:00:00.000|5384.0|0.7|164.0|44.6
"10"|"COMUNIDAD VALENCIANA"|"amigdalectomia_adenoidectomia"|2023-12-31 00:00:00.000|878.0|0.18|92.0|19.4
"11"|"EXTREMADURA"|"amigdalectomia_adenoidectomia"|2023-12-31 00:00:00.000|606.0|0.6|111.0|22.6
"12"|"GALICIA"|"amigdalectomia_adenoidectomia"|2023-12-31 00:00:00.000|914.0|0.35|79.0|2.6
"13"|"MADRID"|"amigdalectomia_adenoidectomia"|2023-12-31 00:00:00.000|1029.0|0.15|62.0|1.0
"14"|"MURCIA"|"amigdalectomia_adenoidectomia"|2023-12-31 00:00:00.000|499.0|0.32|82.0|10.2
"15"|"C. FORAL DE NAVARRA"|"amigdalectomia_adenoidectomia"|2023-12-31 00:00:00.000|326.0|0.5|98.0|15.0
"16"|"PAÍS VASCO"|"amigdalectomia_adenoidectomia"|2023-12-31 00:00:00.000|537.0|0.24|68.0|0.2
"17"|"RIOJA"|"amigdalectomia_adenoidectomia"|2023-12-31 00:00:00.000|145.0|0.45|97.0|14.5
"18"|"CEUTA"|"amigdalectomia_adenoidectomia"|2023-12-31 00:00:00.000|26.0|0.35|152.0|
"19"|"MELILLA"|"amigdalectomia_adenoidectomia"|2023-12-31 00:00:00.000|9.0|0.12||
"01"|"ANDALUCÍA"|"artroscopia"|2023-12-31 00:00:00.000|3852.0|0.46|161.0|37.3
"02"|"ARAGON"|"artroscopia"|2023-12-31 00:00:00.000|480.0|0.36|262.0|47.9
"03"|"PDO DE ASTURIAS"|"artroscopia"|2023-12-31 00:00:00.000|1139.0|1.14|117.0|23.3
"04"|"BALEARES"|"artroscopia"|2023-12-31 00:00:00.000|342.0|0.28|113.0|19.3
"05"|"CANARIAS"|"artroscopia"|2023-12-31 00:00:00.000|703.0|0.33|177.0|34.4
"06"|"CANTABRIA"|"artroscopia"|2023-12-31 00:00:00.000|224.0|0.39|205.0|50.9
"07"|"CASTILLA Y LEON"|"artroscopia"|2023-12-31 00:00:00.000|782.0|0.34|170.0|39.0
"08"|"CASTILLA-LA MANCHA"|"artroscopia"|2023-12-31 00:00:00.000|348.0|0.18|91.0|5.7
"09"|"CATALUÑA"|"artroscopia"|2023-12-31 00:00:00.000|4325.0|0.56|149.0|37.2
"10"|"COMUNIDAD VALENCIANA"|"artroscopia"|2023-12-31 00:00:00.000|1817.0|0.37|94.0|16.0
"11"|"EXTREMADURA"|"artroscopia"|2023-12-31 00:00:00.000|456.0|0.45|255.0|56.6
"12"|"GALICIA"|"artroscopia"|2023-12-31 00:00:00.000|939.0|0.36|83.0|7.6
"13"|"MADRID"|"artroscopia"|2023-12-31 00:00:00.000|614.0|0.09|48.0|1.1
"14"|"MURCIA"|"artroscopia"|2023-12-31 00:00:00.000|1223.0|0.79|110.0|20.6
"15"|"C. FORAL DE NAVARRA"|"artroscopia"|2023-12-31 00:00:00.000|380.0|0.58|104.0|16.3
"16"|"PAÍS VASCO"|"artroscopia"|2023-12-31 00:00:00.000|279.0|0.12|83.0|8.6
"17"|"RIOJA"|"artroscopia"|2023-12-31 00:00:00.000|262.0|0.82|139.0|30.5
"18"|"CEUTA"|"artroscopia"|2023-12-31 00:00:00.000|5.0|0.07|155.0|20.0
"19"|"MELILLA"|"artroscopia"|2023-12-31 00:00:00.000|22.0|0.31|134.0|27.3
"01"|"ANDALUCÍA"|"by_pass_coronario"|2023-12-31 00:00:00.000|32.0|0.0|57.0|9.4
"02"|"ARAGON"|"by_pass_coronario"|2023-12-31 00:00:00.000|2.0|0.0|117.0|50.0
"03"|"PDO DE ASTURIAS"|"by_pass_coronario"|2023-12-31 00:00:00.000|10.0|0.01|75.0|
"04"|"BALEARES"|"by_pass_coronario"|2023-12-31 00:00:00.000|48.0|0.04|86.0|
"05"|"CANARIAS"|"by_pass_coronario"|2023-12-31 00:00:00.000|7.0|0.0|56.0|14.3
"07"|"CASTILLA Y LEON"|"by_pass_coronario"|2023-12-31 00:00:00.000|4.0|0.0|28.0|
"08"|"CASTILLA-LA MANCHA"|"by_pass_coronario"|2023-12-31 00:00:00.000|7.0|0.0|79.0|
"09"|"CATALUÑA"|"by_pass_coronario"|2023-12-31 00:00:00.000|60.0|0.01|28.0|
"10"|"COMUNIDAD VALENCIANA"|"by_pass_coronario"|2023-12-31 00:00:00.000|28.0|0.01|40.0|
"12"|"GALICIA"|"by_pass_coronario"|2023-12-31 00:00:00.000|29.0|0.01|62.0|
"13"|"MADRID"|"by_pass_coronario"|2023-12-31 00:00:00.000|9.0|0.0|35.0|
"14"|"MURCIA"|"by_pass_coronario"|2023-12-31 00:00:00.000|7.0|0.0|31.0|
"16"|"PAÍS VASCO"|"by_pass_coronario"|2023-12-31 00:00:00.000|6.0|0.0|36.0|
"17"|"RIOJA"|"by_pass_coronario"|2023-12-31 00:00:00.000|1.0|0.0|16.0|
"01"|"ANDALUCÍA"|"cataratas"|2023-12-31 00:00:00.000|27441.0|3.3|94.0|14.8
"02"|"ARAGON"|"cataratas"|2023-12-31 00:00:00.000|7695.0|5.74|113.0|23.0
"03"|"PDO DE ASTURIAS"|"cataratas"|2023-12-31 00:00:00.000|5006.0|5.01|88.0|6.4
"04"|"BALEARES"|"cataratas"|2023-12-31 00:00:00.000|2126.0|1.77|71.0|3.1
"05"|"CANARIAS"|"cataratas"|2023-12-31 00:00:00.000|4515.0|2.13|98.0|16.9
"06"|"CANTABRIA"|"cataratas"|2023-12-31 00:00:00.000|2690.0|4.7|106.0|17.3
"07"|"CASTILLA Y LEON"|"cataratas"|2023-12-31 00:00:00.000|3401.0|1.47|40.0|0.6
"08"|"CASTILLA-LA MANCHA"|"cataratas"|2023-12-31 00:00:00.000|7925.0|4.02|87.0|3.3
"09"|"CATALUÑA"|"cataratas"|2023-12-31 00:00:00.000|22294.0|2.9|73.0|1.9
"10"|"COMUNIDAD VALENCIANA"|"cataratas"|2023-12-31 00:00:00.000|9271.0|1.87|60.0|6.6
"11"|"EXTREMADURA"|"cataratas"|2023-12-31 00:00:00.000|4360.0|4.28|87.0|11.3
"12"|"GALICIA"|"cataratas"|2023-12-31 00:00:00.000|10240.0|3.94|65.0|
"13"|"MADRID"|"cataratas"|2023-12-31 00:00:00.000|10138.0|1.47|45.0|0.5
"14"|"MURCIA"|"cataratas"|2023-12-31 00:00:00.000|5781.0|3.75|84.0|10.7
"15"|"C. FORAL DE NAVARRA"|"cataratas"|2023-12-31 00:00:00.000|1163.0|1.77|55.0|0.8
"16"|"PAÍS VASCO"|"cataratas"|2023-12-31 00:00:00.000|4156.0|1.85|51.0|
"17"|"RIOJA"|"cataratas"|2023-12-31 00:00:00.000|994.0|3.11|87.0|13.2
"18"|"CEUTA"|"cataratas"|2023-12-31 00:00:00.000|198.0|2.66||
"19"|"MELILLA"|"cataratas"|2023-12-31 00:00:00.000|154.0|2.14|75.0|
"01"|"ANDALUCÍA"|"cirugia_valvular"|2023-12-31 00:00:00.000|377.0|0.05|84.0|12.2
"02"|"ARAGON"|"cirugia_valvular"|2023-12-31 00:00:00.000|42.0|0.03|53.0|
"03"|"PDO DE ASTURIAS"|"cirugia_valvular"|2023-12-31 00:00:00.000|100.0|0.1|86.0|
"04"|"BALEARES"|"cirugia_valvular"|2023-12-31 00:00:00.000|31.0|0.03|68.0|
"05"|"CANARIAS"|"cirugia_valvular"|2023-12-31 00:00:00.000|49.0|0.02|58.0|2.0
"06"|"CANTABRIA"|"cirugia_valvular"|2023-12-31 00:00:00.000|6.0|0.01|10.0|
"07"|"CASTILLA Y LEON"|"cirugia_valvular"|2023-12-31 00:00:00.000|70.0|0.03|55.0|
"08"|"CASTILLA-LA MANCHA"|"cirugia_valvular"|2023-12-31 00:00:00.000|44.0|0.02|93.0|9.1
"09"|"CATALUÑA"|"cirugia_valvular"|2023-12-31 00:00:00.000|168.0|0.02|35.0|
"10"|"COMUNIDAD VALENCIANA"|"cirugia_valvular"|2023-12-31 00:00:00.000|129.0|0.03|51.0|0.8
"11"|"EXTREMADURA"|"cirugia_valvular"|2023-12-31 00:00:00.000|44.0|0.04|118.0|22.7
"12"|"GALICIA"|"cirugia_valvular"|2023-12-31 00:00:00.000|138.0|0.05|51.0|
"13"|"MADRID"|"cirugia_valvular"|2023-12-31 00:00:00.000|137.0|0.02|49.0|
"14"|"MURCIA"|"cirugia_valvular"|2023-12-31 00:00:00.000|61.0|0.04|67.0|6.6
"15"|"C. FORAL DE NAVARRA"|"cirugia_valvular"|2023-12-31 00:00:00.000|40.0|0.06|217.0|27.5
"16"|"PAÍS VASCO"|"cirugia_valvular"|2023-12-31 00:00:00.000|54.0|0.02|68.0|3.7
"17"|"RIOJA"|"cirugia_valvular"|2023-12-31 00:00:00.000|14.0|0.04|58.0|
"01"|"ANDALUCÍA"|"colecistectomia"|2023-12-31 00:00:00.000|4909.0|0.59|145.0|30.7
"02"|"ARAGON"|"colecistectomia"|2023-12-31 00:00:00.000|750.0|0.56|136.0|26.1
"03"|"PDO DE ASTURIAS"|"colecistectomia"|2023-12-31 00:00:00.000|521.0|0.52|104.0|12.7
"04"|"BALEARES"|"colecistectomia"|2023-12-31 00:00:00.000|738.0|0.61|184.0|40.8
"05"|"CANARIAS"|"colecistectomia"|2023-12-31 00:00:00.000|672.0|0.32|85.0|11.0
"06"|"CANTABRIA"|"colecistectomia"|2023-12-31 00:00:00.000|327.0|0.57|120.0|25.4
"07"|"CASTILLA Y LEON"|"colecistectomia"|2023-12-31 00:00:00.000|777.0|0.34|99.0|17.0
"08"|"CASTILLA-LA MANCHA"|"colecistectomia"|2023-12-31 00:00:00.000|782.0|0.4|78.0|1.0
"09"|"CATALUÑA"|"colecistectomia"|2023-12-31 00:00:00.000|4942.0|0.64|148.0|34.4
"10"|"COMUNIDAD VALENCIANA"|"colecistectomia"|2023-12-31 00:00:00.000|1155.0|0.23|58.0|5.9
"11"|"EXTREMADURA"|"colecistectomia"|2023-12-31 00:00:00.000|498.0|0.49|168.0|31.1
"12"|"GALICIA"|"colecistectomia"|2023-12-31 00:00:00.000|1024.0|0.39|58.0|0.4
"13"|"MADRID"|"colecistectomia"|2023-12-31 00:00:00.000|1236.0|0.18|44.0|
"14"|"MURCIA"|"colecistectomia"|2023-12-31 00:00:00.000|955.0|0.62|103.0|17.4
"15"|"C. FORAL DE NAVARRA"|"colecistectomia"|2023-12-31 00:00:00.000|365.0|0.56|100.0|7.4
"16"|"PAÍS VASCO"|"colecistectomia"|2023-12-31 00:00:00.000|570.0|0.25|52.0|0.4
"17"|"RIOJA"|"colecistectomia"|2023-12-31 00:00:00.000|163.0|0.51|136.0|33.1
"18"|"CEUTA"|"colecistectomia"|2023-12-31 00:00:00.000|55.0|0.74|165.0|43.6
"19"|"MELILLA"|"colecistectomia"|2023-12-31 00:00:00.000|43.0|0.6||
"01"|"ANDALUCÍA"|"hallux_valgus"|2023-12-31 00:00:00.000|4127.0|0.5|169.0|42.1
"02"|"ARAGON"|"hallux_valgus"|2023-12-31 00:00:00.000|484.0|0.36|195.0|47.5
"03"|"PDO DE ASTURIAS"|"hallux_valgus"|2023-12-31 00:00:00.000|401.0|0.4|107.0|15.5
"04"|"BALEARES"|"hallux_valgus"|2023-12-31 00:00:00.000|73.0|0.06|116.0|20.5
"05"|"CANARIAS"|"hallux_valgus"|2023-12-31 00:00:00.000|466.0|0.22|182.0|38.2
"06"|"CANTABRIA"|"hallux_valgus"|2023-12-31 00:00:00.000|162.0|0.28|166.0|44.4
"07"|"CASTILLA Y LEON"|"hallux_valgus"|2023-12-31 00:00:00.000|1400.0|0.61|180.0|46.4
"08"|"CASTILLA-LA MANCHA"|"hallux_valgus"|2023-12-31 00:00:00.000|76.0|0.04|104.0|14.5
"09"|"CATALUÑA"|"hallux_valgus"|2023-12-31 00:00:00.000|3270.0|0.43|153.0|35.7
"10"|"COMUNIDAD VALENCIANA"|"hallux_valgus"|2023-12-31 00:00:00.000|919.0|0.19|54.0|4.9
"11"|"EXTREMADURA"|"hallux_valgus"|2023-12-31 00:00:00.000|808.0|0.79|232.0|52.1
"12"|"GALICIA"|"hallux_valgus"|2023-12-31 00:00:00.000|374.0|0.14|63.0|2.4
"13"|"MADRID"|"hallux_valgus"|2023-12-31 00:00:00.000|1012.0|0.15|59.0|1.7
"14"|"MURCIA"|"hallux_valgus"|2023-12-31 00:00:00.000|812.0|0.53|118.0|27.1
"15"|"C. FORAL DE NAVARRA"|"hallux_valgus"|2023-12-31 00:00:00.000|83.0|0.13|81.0|8.4
"16"|"PAÍS VASCO"|"hallux_valgus"|2023-12-31 00:00:00.000|18.0|0.01|86.0|22.2
"17"|"RIOJA"|"hallux_valgus"|2023-12-31 00:00:00.000|220.0|0.69|121.0|29.1
"18"|"CEUTA"|"hallux_valgus"|2023-12-31 00:00:00.000|3.0|0.04|115.0|
"19"|"MELILLA"|"hallux_valgus"|2023-12-31 00:00:00.000|19.0|0.26||
"01"|"ANDALUCÍA"|"hernia"|2023-12-31 00:00:00.000|10078.0|1.21|166.0|36.7
"02"|"ARAGON"|"hernia"|2023-12-31 00:00:00.000|1404.0|1.05|104.0|14.2
"03"|"PDO DE ASTURIAS"|"hernia"|2023-12-31 00:00:00.000|1099.0|1.1|101.0|12.2
"04"|"BALEARES"|"hernia"|2023-12-31 00:00:00.000|675.0|0.56|136.0|26.4
"05"|"CANARIAS"|"hernia"|2023-12-31 00:00:00.000|1082.0|0.51|86.0|11.8
"06"|"CANTABRIA"|"hernia"|2023-12-31 00:00:00.000|700.0|1.22|144.0|36.9
"07"|"CASTILLA Y LEON"|"hernia"|2023-12-31 00:00:00.000|1698.0|0.74|79.0|7.5
"08"|"CASTILLA-LA MANCHA"|"hernia"|2023-12-31 00:00:00.000|1730.0|0.88|81.0|1.4
"09"|"CATALUÑA"|"hernia"|2023-12-31 00:00:00.000|9182.0|1.19|151.0|36.9
"10"|"COMUNIDAD VALENCIANA"|"hernia"|2023-12-31 00:00:00.000|2552.0|0.51|61.0|6.7
"11"|"EXTREMADURA"|"hernia"|2023-12-31 00:00:00.000|746.0|0.73|82.0|9.8
"12"|"GALICIA"|"hernia"|2023-12-31 00:00:00.000|2051.0|0.79|61.0|0.3
"13"|"MADRID"|"hernia"|2023-12-31 00:00:00.000|4216.0|0.61|50.0|0.5
"14"|"MURCIA"|"hernia"|2023-12-31 00:00:00.000|1577.0|1.02|113.0|18.1
"15"|"C. FORAL DE NAVARRA"|"hernia"|2023-12-31 00:00:00.000|472.0|0.72|105.0|19.7
"16"|"PAÍS VASCO"|"hernia"|2023-12-31 00:00:00.000|1030.0|0.46|53.0|
"17"|"RIOJA"|"hernia"|2023-12-31 00:00:00.000|527.0|1.65|157.0|45.0
"18"|"CEUTA"|"hernia"|2023-12-31 00:00:00.000|106.0|1.42|160.0|34.9
"19"|"MELILLA"|"hernia"|2023-12-31 00:00:00.000|37.0|0.51||13.5
"01"|"ANDALUCÍA"|"histerectomia"|2023-12-31 00:00:00.000|2016.0|0.24|164.0|35.8
"02"|"ARAGON"|"histerectomia"|2023-12-31 00:00:00.000|54.0|0.04|45.0|
"03"|"PDO DE ASTURIAS"|"histerectomia"|2023-12-31 00:00:00.000|133.0|0.13|68.0|
"04"|"BALEARES"|"histerectomia"|2023-12-31 00:00:00.000|103.0|0.09|105.0|18.4
"05"|"CANARIAS"|"histerectomia"|2023-12-31 00:00:00.000|431.0|0.2|98.0|11.8
"06"|"CANTABRIA"|"histerectomia"|2023-12-31 00:00:00.000|134.0|0.23|117.0|19.4
"07"|"CASTILLA Y LEON"|"histerectomia"|2023-12-31 00:00:00.000|234.0|0.1|56.0|2.1
"08"|"CASTILLA-LA MANCHA"|"histerectomia"|2023-12-31 00:00:00.000|265.0|0.13|87.0|9.8
"09"|"CATALUÑA"|"histerectomia"|2023-12-31 00:00:00.000|1471.0|0.19|146.0|35.8
"10"|"COMUNIDAD VALENCIANA"|"histerectomia"|2023-12-31 00:00:00.000|369.0|0.07|97.0|16.8
"11"|"EXTREMADURA"|"histerectomia"|2023-12-31 00:00:00.000|100.0|0.1|110.0|23.0
"12"|"GALICIA"|"histerectomia"|2023-12-31 00:00:00.000|421.0|0.16|62.0|1.0
"13"|"MADRID"|"histerectomia"|2023-12-31 00:00:00.000|551.0|0.08|49.0|0.2
"14"|"MURCIA"|"histerectomia"|2023-12-31 00:00:00.000|299.0|0.19|74.0|9.7
"15"|"C. FORAL DE NAVARRA"|"histerectomia"|2023-12-31 00:00:00.000|54.0|0.08|64.0|11.1
"16"|"PAÍS VASCO"|"histerectomia"|2023-12-31 00:00:00.000|70.0|0.03|50.0|
"17"|"RIOJA"|"histerectomia"|2023-12-31 00:00:00.000|85.0|0.27|90.0|18.8
"01"|"ANDALUCÍA"|"prostatectomias"|2023-12-31 00:00:00.000|1774.0|0.21|155.0|31.3
"02"|"ARAGON"|"prostatectomias"|2023-12-31 00:00:00.000|244.0|0.18|175.0|38.9
"03"|"PDO DE ASTURIAS"|"prostatectomias"|2023-12-31 00:00:00.000|426.0|0.43|134.0|29.1
"04"|"BALEARES"|"prostatectomias"|2023-12-31 00:00:00.000|363.0|0.3|136.0|21.8
"05"|"CANARIAS"|"prostatectomias"|2023-12-31 00:00:00.000|572.0|0.27|161.0|39.9
"06"|"CANTABRIA"|"prostatectomias"|2023-12-31 00:00:00.000|287.0|0.5|191.0|54.7
"07"|"CASTILLA Y LEON"|"prostatectomias"|2023-12-31 00:00:00.000|624.0|0.27|155.0|37.0
"08"|"CASTILLA-LA MANCHA"|"prostatectomias"|2023-12-31 00:00:00.000|681.0|0.35|114.0|15.9
"09"|"CATALUÑA"|"prostatectomias"|2023-12-31 00:00:00.000|3266.0|0.42|165.0|39.0
"10"|"COMUNIDAD VALENCIANA"|"prostatectomias"|2023-12-31 00:00:00.000|679.0|0.14|69.0|9.4
"11"|"EXTREMADURA"|"prostatectomias"|2023-12-31 00:00:00.000|298.0|0.29|234.0|44.0
"12"|"GALICIA"|"prostatectomias"|2023-12-31 00:00:00.000|682.0|0.26|90.0|11.9
"13"|"MADRID"|"prostatectomias"|2023-12-31 00:00:00.000|1120.0|0.16|63.0|1.0
"14"|"MURCIA"|"prostatectomias"|2023-12-31 00:00:00.000|329.0|0.21|93.0|12.8
"15"|"C. FORAL DE NAVARRA"|"prostatectomias"|2023-12-31 00:00:00.000|43.0|0.07|47.0|
"16"|"PAÍS VASCO"|"prostatectomias"|2023-12-31 00:00:00.000|458.0|0.2|57.0|1.3
"17"|"RIOJA"|"prostatectomias"|2023-12-31 00:00:00.000|296.0|0.93|95.0|19.6
"18"|"CEUTA"|"prostatectomias"|2023-12-31 00:00:00.000||||34.6
"19"|"MELILLA"|"prostatectomias"|2023-12-31 00:00:00.000||||11.1
"01"|"ANDALUCÍA"|"protesis_cadera"|2023-12-31 00:00:00.000|3142.0|0.38|151.0|36.6
"02"|"ARAGON"|"protesis_cadera"|2023-12-31 00:00:00.000|592.0|0.44|138.0|29.6
"03"|"PDO DE ASTURIAS"|"protesis_cadera"|2023-12-31 00:00:00.000|897.0|0.9|123.0|25.2
"04"|"BALEARES"|"protesis_cadera"|2023-12-31 00:00:00.000|199.0|0.17|162.0|38.2
"05"|"CANARIAS"|"protesis_cadera"|2023-12-31 00:00:00.000|605.0|0.29|142.0|23.3
"06"|"CANTABRIA"|"protesis_cadera"|2023-12-31 00:00:00.000|706.0|1.23|207.0|47.2
"07"|"CASTILLA Y LEON"|"protesis_cadera"|2023-12-31 00:00:00.000|1105.0|0.48|127.0|26.3
"08"|"CASTILLA-LA MANCHA"|"protesis_cadera"|2023-12-31 00:00:00.000|479.0|0.24|83.0|0.8
"09"|"CATALUÑA"|"protesis_cadera"|2023-12-31 00:00:00.000|2509.0|0.33|99.0|7.9
"10"|"COMUNIDAD VALENCIANA"|"protesis_cadera"|2023-12-31 00:00:00.000|1025.0|0.21|83.0|14.8
"11"|"EXTREMADURA"|"protesis_cadera"|2023-12-31 00:00:00.000|615.0|0.6|217.0|53.3
"12"|"GALICIA"|"protesis_cadera"|2023-12-31 00:00:00.000|1308.0|0.5|76.0|8.3
"13"|"MADRID"|"protesis_cadera"|2023-12-31 00:00:00.000|920.0|0.13|55.0|2.1
"14"|"MURCIA"|"protesis_cadera"|2023-12-31 00:00:00.000|585.0|0.38|114.0|25.6
"15"|"C. FORAL DE NAVARRA"|"protesis_cadera"|2023-12-31 00:00:00.000|271.0|0.41|91.0|17.0
"16"|"PAÍS VASCO"|"protesis_cadera"|2023-12-31 00:00:00.000|718.0|0.32|67.0|3.3
"17"|"RIOJA"|"protesis_cadera"|2023-12-31 00:00:00.000|197.0|0.62|147.0|36.5
"18"|"CEUTA"|"protesis_cadera"|2023-12-31 00:00:00.000|6.0|0.08|121.0|16.7
"19"|"MELILLA"|"protesis_cadera"|2023-12-31 00:00:00.000|6.0|0.08||
"01"|"ANDALUCÍA"|"protesis_rodilla"|2023-12-31 00:00:00.000|10366.0|1.25|214.0|53.2
"02"|"ARAGON"|"protesis_rodilla"|2023-12-31 00:00:00.000|1231.0|0.92|170.0|37.6
"03"|"PDO DE ASTURIAS"|"protesis_rodilla"|2023-12-31 00:00:00.000|1155.0|1.16|128.0|26.7
"04"|"BALEARES"|"protesis_rodilla"|2023-12-31 00:00:00.000|208.0|0.17|151.0|27.4
"05"|"CANARIAS"|"protesis_rodilla"|2023-12-31 00:00:00.000|1287.0|0.61|135.0|23.5
"06"|"CANTABRIA"|"protesis_rodilla"|2023-12-31 00:00:00.000|945.0|1.65|214.0|47.8
"07"|"CASTILLA Y LEON"|"protesis_rodilla"|2023-12-31 00:00:00.000|1639.0|0.71|131.0|26.6
"08"|"CASTILLA-LA MANCHA"|"protesis_rodilla"|2023-12-31 00:00:00.000|1026.0|0.52|81.0|0.4
"09"|"CATALUÑA"|"protesis_rodilla"|2023-12-31 00:00:00.000|5049.0|0.66|91.0|7.0
"10"|"COMUNIDAD VALENCIANA"|"protesis_rodilla"|2023-12-31 00:00:00.000|1795.0|0.36|71.0|10.7
"11"|"EXTREMADURA"|"protesis_rodilla"|2023-12-31 00:00:00.000|2387.0|2.34|230.0|55.9
"12"|"GALICIA"|"protesis_rodilla"|2023-12-31 00:00:00.000|1789.0|0.69|70.0|5.3
"13"|"MADRID"|"protesis_rodilla"|2023-12-31 00:00:00.000|1902.0|0.28|57.0|1.3
"14"|"MURCIA"|"protesis_rodilla"|2023-12-31 00:00:00.000|1218.0|0.79|119.0|28.1
"15"|"C. FORAL DE NAVARRA"|"protesis_rodilla"|2023-12-31 00:00:00.000|469.0|0.71|148.0|37.1
"16"|"PAÍS VASCO"|"protesis_rodilla"|2023-12-31 00:00:00.000|1140.0|0.51|68.0|3.2
"17"|"RIOJA"|"protesis_rodilla"|2023-12-31 00:00:00.000|350.0|1.1|148.0|37.4
"01"|"ANDALUCÍA"|"quiste_pilonidal"|2023-12-31 00:00:00.000|2106.0|0.25|158.0|36.1
"02"|"ARAGON"|"quiste_pilonidal"|2023-12-31 00:00:00.000|214.0|0.16|100.0|15.4
"03"|"PDO DE ASTURIAS"|"quiste_pilonidal"|2023-12-31 00:00:00.000|115.0|0.12|80.0|5.2
"04"|"BALEARES"|"quiste_pilonidal"|2023-12-31 00:00:00.000|99.0|0.08|131.0|26.3
"05"|"CANARIAS"|"quiste_pilonidal"|2023-12-31 00:00:00.000|11.0|0.01|116.0|27.3
"06"|"CANTABRIA"|"quiste_pilonidal"|2023-12-31 00:00:00.000|141.0|0.25|150.0|34.0
"07"|"CASTILLA Y LEON"|"quiste_pilonidal"|2023-12-31 00:00:00.000|273.0|0.12|145.0|32.6
"09"|"CATALUÑA"|"quiste_pilonidal"|2023-12-31 00:00:00.000|1387.0|0.18|138.0|31.7
"10"|"COMUNIDAD VALENCIANA"|"quiste_pilonidal"|2023-12-31 00:00:00.000|521.0|0.1|66.0|8.6
"11"|"EXTREMADURA"|"quiste_pilonidal"|2023-12-31 00:00:00.000|100.0|0.1|67.0|7.0
"12"|"GALICIA"|"quiste_pilonidal"|2023-12-31 00:00:00.000|412.0|0.16|59.0|0.2
"13"|"MADRID"|"quiste_pilonidal"|2023-12-31 00:00:00.000|482.0|0.07|47.0|
"14"|"MURCIA"|"quiste_pilonidal"|2023-12-31 00:00:00.000|447.0|0.29|102.0|15.7
"15"|"C. FORAL DE NAVARRA"|"quiste_pilonidal"|2023-12-31 00:00:00.000|51.0|0.08|95.0|15.7
"16"|"PAÍS VASCO"|"quiste_pilonidal"|2023-12-31 00:00:00.000|24.0|0.01|74.0|4.2
"17"|"RIOJA"|"quiste_pilonidal"|2023-12-31 00:00:00.000|98.0|0.31|147.0|39.8
"18"|"CEUTA"|"quiste_pilonidal"|2023-12-31 00:00:00.000|16.0|0.21|179.0|43.8
"19"|"MELILLA"|"quiste_pilonidal"|2023-12-31 00:00:00.000|13.0|0.18|105.0|
"01"|"ANDALUCÍA"|"total_procesos"|2023-12-31 00:00:00.000|65858.0||128.0|
"02"|"ARAGON"|"total_procesos"|2023-12-31 00:00:00.000|13430.0||126.0|
"03"|"PDO DE ASTURIAS"|"total_procesos"|2023-12-31 00:00:00.000|11280.0||99.0|
"04"|"BALEARES"|"total_procesos"|2023-12-31 00:00:00.000|5272.0||113.0|
"05"|"CANARIAS"|"total_procesos"|2023-12-31 00:00:00.000|10636.0||109.0|
"06"|"CANTABRIA"|"total_procesos"|2023-12-31 00:00:00.000|6604.0||144.0|
"07"|"CASTILLA Y LEON"|"total_procesos"|2023-12-31 00:00:00.000|11769.0||101.0|
"08"|"CASTILLA-LA MANCHA"|"total_procesos"|2023-12-31 00:00:00.000|13843.0||88.0|
"09"|"CATALUÑA"|"total_procesos"|2023-12-31 00:00:00.000|66378.0||121.0|
"10"|"COMUNIDAD VALENCIANA"|"total_procesos"|2023-12-31 00:00:00.000|20398.0||64.0|
"11"|"EXTREMADURA"|"total_procesos"|2023-12-31 00:00:00.000|9124.0||128.0|
"12"|"GALICIA"|"total_procesos"|2023-12-31 00:00:00.000|20200.0||66.0|
"13"|"MADRID"|"total_procesos"|2023-12-31 00:00:00.000|23940.0||50.0|
"14"|"MURCIA"|"total_procesos"|2023-12-31 00:00:00.000|13391.0||95.0|
"15"|"C. FORAL DE NAVARRA"|"total_procesos"|2023-12-31 00:00:00.000|3515.0||85.0|
"16"|"PAÍS VASCO"|"total_procesos"|2023-12-31 00:00:00.000|8787.0||56.0|
"17"|"RIOJA"|"total_procesos"|2023-12-31 00:00:00.000|3241.0||113.0|
"18"|"CEUTA"|"total_procesos"|2023-12-31 00:00:00.000|438.0||141.0|
"19"|"MELILLA"|"total_procesos"|2023-12-31 00:00:00.000|314.0||83.0|
"01"|"ANDALUCÍA"|"tunel_carpiano"|2023-12-31 00:00:00.000|3040.0|0.37|113.0|22.8
"02"|"ARAGON"|"tunel_carpiano"|2023-12-31 00:00:00.000|552.0|0.41|127.0|21.7
"03"|"PDO DE ASTURIAS"|"tunel_carpiano"|2023-12-31 00:00:00.000|710.0|0.71|79.0|4.8
"04"|"BALEARES"|"tunel_carpiano"|2023-12-31 00:00:00.000|174.0|0.14|81.0|8.6
"05"|"CANARIAS"|"tunel_carpiano"|2023-12-31 00:00:00.000|819.0|0.39|84.0|8.5
"06"|"CANTABRIA"|"tunel_carpiano"|2023-12-31 00:00:00.000|548.0|0.96|177.0|47.4
"07"|"CASTILLA Y LEON"|"tunel_carpiano"|2023-12-31 00:00:00.000|522.0|0.23|63.0|6.3
"08"|"CASTILLA-LA MANCHA"|"tunel_carpiano"|2023-12-31 00:00:00.000|526.0|0.27|75.0|
"09"|"CATALUÑA"|"tunel_carpiano"|2023-12-31 00:00:00.000|3765.0|0.49|118.0|25.4
"10"|"COMUNIDAD VALENCIANA"|"tunel_carpiano"|2023-12-31 00:00:00.000|877.0|0.18|44.0|3.2
"11"|"EXTREMADURA"|"tunel_carpiano"|2023-12-31 00:00:00.000|533.0|0.52|98.0|14.8
"12"|"GALICIA"|"tunel_carpiano"|2023-12-31 00:00:00.000|1033.0|0.4|53.0|0.6
"13"|"MADRID"|"tunel_carpiano"|2023-12-31 00:00:00.000|1069.0|0.15|43.0|0.7
"14"|"MURCIA"|"tunel_carpiano"|2023-12-31 00:00:00.000|905.0|0.59|88.0|13.4
"15"|"C. FORAL DE NAVARRA"|"tunel_carpiano"|2023-12-31 00:00:00.000|240.0|0.37|78.0|8.8
"16"|"PAÍS VASCO"|"tunel_carpiano"|2023-12-31 00:00:00.000|594.0|0.26|63.0|1.7
"17"|"RIOJA"|"tunel_carpiano"|2023-12-31 00:00:00.000|182.0|0.57|95.0|12.6
"01"|"ANDALUCÍA"|"varices"|2023-12-31 00:00:00.000|2002.0|0.24|136.0|33.8
"02"|"ARAGON"|"varices"|2023-12-31 00:00:00.000|789.0|0.59|143.0|29.5
"03"|"PDO DE ASTURIAS"|"varices"|2023-12-31 00:00:00.000|704.0|0.7|109.0|15.6
"04"|"BALEARES"|"varices"|2023-12-31 00:00:00.000|89.0|0.07|185.0|36.0
"05"|"CANARIAS"|"varices"|2023-12-31 00:00:00.000|387.0|0.18|99.0|20.9
"06"|"CANTABRIA"|"varices"|2023-12-31 00:00:00.000|378.0|0.66|174.0|47.9
"07"|"CASTILLA Y LEON"|"varices"|2023-12-31 00:00:00.000|647.0|0.28|137.0|32.1
"08"|"CASTILLA-LA MANCHA"|"varices"|2023-12-31 00:00:00.000|225.0|0.11|83.0|8.4
"09"|"CATALUÑA"|"varices"|2023-12-31 00:00:00.000|6054.0|0.79|139.0|33.9
"10"|"COMUNIDAD VALENCIANA"|"varices"|2023-12-31 00:00:00.000|704.0|0.14|46.0|2.4
"11"|"EXTREMADURA"|"varices"|2023-12-31 00:00:00.000|104.0|0.1|102.0|10.6
"12"|"GALICIA"|"varices"|2023-12-31 00:00:00.000|1223.0|0.47|53.0|
"13"|"MADRID"|"varices"|2023-12-31 00:00:00.000|2104.0|0.3|59.0|0.3
"14"|"MURCIA"|"varices"|2023-12-31 00:00:00.000|278.0|0.18|84.0|10.4
"15"|"C. FORAL DE NAVARRA"|"varices"|2023-12-31 00:00:00.000|121.0|0.18|157.0|45.5
"16"|"PAÍS VASCO"|"varices"|2023-12-31 00:00:00.000|403.0|0.18|58.0|
"17"|"RIOJA"|"varices"|2023-12-31 00:00:00.000|157.0|0.49|56.0|0.6
"18"|"CEUTA"|"varices"|2023-12-31 00:00:00.000|23.0|0.31|217.0|69.6
"19"|"MELILLA"|"varices"|2023-12-31 00:00:00.000|4.0|0.06||
